{
  "model": "odoo_basic",
  "best_val_loss": 0.40317573133791706,
  "best_val_metrics": {
    "mse": 0.40317573133791706,
    "mae": 0.49225534892433054,
    "rmse": 0.6299049954573008,
    "mape": 337.2238769238375
  },
  "test_loss": 1.5854333693562108,
  "test_metrics": {
    "mse": 1.5854333693562108,
    "mae": 0.9271170492363464,
    "rmse": 1.2416390813251403,
    "mape": 134.67275113050442
  },
  "total_params": 0,
  "trainable_params": 0
}