{
  "model": "odoo_sota",
  "best_val_loss": 0.2846577534415138,
  "best_val_metrics": {
    "mse": 0.2846577534415138,
    "mae": 0.38645282103629425,
    "rmse": 0.5280423362859151,
    "mape": 363.12748942067054
  },
  "test_loss": 0.7119067715061351,
  "test_metrics": {
    "mse": 0.7119067715061351,
    "mae": 0.5554222861311237,
    "rmse": 0.8285616241942189,
    "mape": 114.60754728642746
  },
  "total_params": 0,
  "trainable_params": 0
}